DEVICE,COMPANY,APPROVAL DATE,HDE NUMBER
CliniMACS CD34 Reagent System,Miltenyi Biotec  Inc.,1/23/2014,BH110018/0
Orcel,Ortec International  Inc.,2/21/2001,BH991300/0
Epicel,Genzyme Biosurgery,10/25/2007,BH990200/0
HARRISON FETAL BLADDER STENT SET,Cook Incorporated,2/14/1997,H960001
KCH FETAL BLADDER DRAINAGE CATHETER,ROCKET MEDICAL PLC,9/30/1997,H970001
URO-STIM THERAPEUTIC STIMULATION UNIT,WILLIAM E. KAPLAN  M.D.,12/16/1997,H970003
IMMUNOSORBA PROTEIN A COLUMN AND IMMUNOSORBA PROTEIN A SEPHAROSE COLUMN,FRESENIUS MEDICAL CARE,4/6/1998,H970004
PERMA-FLOW CORONARY GRAFT MODEL 2C10,POSSIS MEDICAL  INC.,4/30/1998,H970005
PROXIMAL INTERPHALANGEAL (PIP) FINGER JOINT,STRYKER CORPORATION,9/28/1998,H980002
NEUROCONTROL CORPORATION VOCARE BLADDER SYSTEM,MDCI,12/28/1998,H980005
MDS NORDION THERASPHERE YTTRIUM-90 GLASS MICROSPHERES,BIOCOMPATIBLES U.K. LIMITED,12/10/1999,H980006
SHELHIGH NO-REACT PORCINE PULMONIC VALVE CONDUIT,SHELHIGH  INC.,9/30/1999,H980007
NEUROCONTROL VOCARE BLADDER SYSTEM,MDCI MEDICAL DEVICE CONSULTANTS  INC.,2/19/1999,H980008
EPICEL (CULTURED EPIDERMAL AUTOGRAFTS),GENZYME CORP.,10/25/2007,H990002
ARTIFICIAL BOWEL SPHINCTER PROSTHESIS,AMERICAN MEDICAL SYSTEMS  INC.,9/20/1999,H990003
TAS ECT TEST,CARDIOVASCULAR DIAGNOSTICS  INC.,5/11/2000,H990012
COMPOSITE CULTURED SKIN,ORTEC INTL.  INC.,2/21/2001,H990013
GASTRIC ELECTRICAL STIMULATION (GES) SYSTEM,MEDTRONIC Inc.,3/31/2000,H990014
JOMED JOSTENT CORONARY STENT GRAFT,ABBOTT VASCULAR DEVICES,1/10/2001,H000001
METACARPAL PHALANGEAL JOINT IMPLANT,STRYKER CORPORATION,8/28/2001,H010001
NEUROLINK SYSTEM,ABBOTT VASCULAR-CARDIAC THERAPIES,8/9/2002,H010004
ASCENSION PIP,ASCENSION ORTHOPEDICS  INC.,3/22/2002,H010005
NEUROFORM MICRODELIVERY STENT,Stryker Neurovascular,9/11/2002,H020002
CONTEGRA PULMONARY VALVED CONDUIT,Medtronic  Inc.,11/21/2003,H020003
MEDTRONIC ACTIVA DEEP BRAIN STIMULATION (DBS)SYSTEM,MEDTRONIC NEUROMODULATION,4/15/2003,H020007
DEBAKEY VAD CHILD VENTRICULAR ASSIST DEVICE SYSTEM,RELIANTHEART INC.,2/25/2004,H030003
HEARTSBREATH,Menssana Research  Inc.,2/24/2004,H030004
COAXIA NEUROFLO CATHETER,ZOLL CIRCULATION,3/30/2005,H030005
INTACS PRESCRIPTION INSERTS FOR KERATOCONUS,ADDITION TECHNOLOGY,7/26/2004,H040002
INFUSE/MASTERGRAFT CERAMIC OR INFUSE HDE KIT,MEDTRONIC SOFAMOR DANEK  INC.,10/10/2008,H040004
FETOSCOPY INSTRUMENT SET,KARL STORZ ENDOSCOPY-AMERICA  INC.,3/31/2006,H040005
ABIOCOR IMPLANTABLE REPLACEMENT HEART,ABIOMED  INC.,9/5/2006,H040006
WINGSPAN STENT SYSTEM WITH GATEWAY PTA BALLOON CATHETER,STRYKER CORP.,8/3/2005,H050001
MEDTRONIC (ACTIVA)DEEP BRAIN STIMULATION FOR OCD THERAPY,MEDTRONIC INC. NEUROLOGICAL DIVISION,2/10/2009,H050003
CODMAN ENTERPRISE VASCULAR RECONSTRUCTIVE DEVICE AND DELIVERY SYSTEM,CODMAN & SHURTLEFF  INC.,5/8/2007,H060001
IBV VALVE SYSTEM,SPIRATION  INC.,10/24/2008,H060002
ONYX ANEURYSM SYSTEM  ONYX HD-500 MODEL 105-8101-500,EV3 INC,4/11/2007,H060003
MESOMARK,Fujirebio Diagnostics  Inc.,1/24/2007,H060004
NEURX RA/4 DEVICE,SYNAPSE BIOMEDICAL,6/17/2008,H070003
CENTRIMAG RIGHT VENTRICULAR ASSIST SYSTEM (RVAS),THORATEC CORP.,10/7/2008,H070004
THE AMPLATZER POST INFARCT MUSCULAR VSD OCCLUDER,Abbott Medical,1/10/2017,H070005
MELODY TRANSCATHETER PULMONARY VALVE AND ENSEMBLE TRANSCATHETER VALVE DELIVERY SYSTEM,Medtronic  Inc,1/25/2010,H080002
OPRA,INTEGRUM AB,7/16/2015,H080004
ELANA ARTERIOTOMY SYSTEM,ELANA INC.,3/10/2011,H080005
BSD-2000 HYPERTHERMIA SYSTEM,PYREXAR MEDICAL INC,11/18/2011,H090002
CPAX ANEURYSM TREATMENT SYSTEM,NEUROVASX,4/1/2011,H100002
EXCOR PEDIATRIC VENTRICULAR ASSIST DEVICE,Berlin Heart Inc.,12/16/2011,H100004
NEURX DIAPHRAGM PACING SYSTEM (DPS),SYNAPSE BIOMEDICAL,9/28/2011,H100006
ARGUS II RETINAL PROSTHESIS SYSTEM,SECOND SIGHT  LLC.,2/13/2013,H110002
XPS WITH STEEN SOLUTION PERFUSATE,XVIVO PERFUSION,8/12/2014,H120003
LIPOSORBER LA-15 SYSTEM,KANEKA PHARMA AMERICA LLC,10/10/2013,H120005
KANEKA LIXELLE BETA 2-MICROGLOBULIN APHERESIS COLUMN,KANEKA PHARMA AMERICA LLC,3/5/2015,H130001
PLEXIMMUNE ASSAY,PLEXISION INC.,8/26/2014,H130004
LVIS INTRALUMINAL SUPPORT DEVICE,Micro Vention  Inc.,7/25/2014,H130005
FENIX CONTINENCE RESTORATION SYSTEM,TORAX MEDICAL  INC.,12/18/2015,H130006
BAROSTIM NEO LEGACY IMPLANTABLE PULSE GENERATOR (IPG)  PROGRAMMER SYSTEM CAROTID SINUS LEAD (CSL) REPAIR KIT EXTERNAL IN,CVRx  INC.,12/12/2014,H130007
IMPELLA RP SYSTEM,ABIOMED  INC.,1/23/2015,H140001
PDGFRB FISH ASSAY,ARUP LABARATORIES,12/18/2015,H140005
KIT D816V ASSAY,ARUP LABARATORIES,12/18/2015,H140006
Flourish Pediatric Esophageal Atresia Anastomosis Device,WILSON-COOK MEDICAL INC.,5/12/2017,H150003
EXCORIM IMMUNOADSORPTION SYSTEM,FRESENIUS MEDICAL CARE,12/17/1999,H970004/S001
EXCORIM IMMUNOADSORPTION SYSTEM,FRESENIUS MEDICAL CARE,2/26/1999,H970004/S002
PROXIMAL INTERPHALANGEAL (PIP) FINGER JOINT,STRYKER CORPORATION,8/26/1999,H980002/S001
URO-STIM THERAPEUTIC STIMULATION UNIT,WILLIAM E. KAPLAN  M.D.,4/8/1999,H970003/S001
NEUROCONTROL CORPORATION VOCARE BLADDER SYSTEM,MDCI,1/10/2000,H980005/S001
NEUROCONTROL VOCARE BLADDER SYSTEM,MDCI MEDICAL DEVICE CONSULTANTS  INC.,1/10/2000,H980008/S001
ARTIFICIAL BOWEL SPHINCTER PROSTHESIS,AMERICAN MEDICAL SYSTEMS  INC.,5/23/2000,H990003/S001
CARDIOSEAL SEPTAL OCCLUSION SYSTEM,NITINOL MEDICAL TECHNOLOGIES  INC.,8/4/2000,H990011/S001
CARDIOSEAL SEPTAL OCCLUSION SYSTEM,NITINOL MEDICAL TECHNOLOGIES  INC.,8/4/2000,H990005/S002
CARDIOSEAL SEPTAL OCCLUSION SYSTEM,NITINOL MEDICAL TECHNOLOGIES  INC.,8/4/2000,H990004/S001
ENTERRA(TM) THERAPY SYSTEM,MEDTRONIC Inc.,8/7/2000,H990014/S001
MDS NORDION THERASPHERE YTTRIUM-90 GLASS MICROSPHERES,BIOCOMPATIBLES U.K. LIMITED,9/25/2000,H980006/S001
SHELHIGH NO-REACT PORCINE PULMONIC VALVE CONDUIT,SHELHIGH  INC.,9/27/2000,H980007/S001
CRYOLIFE INC. BIOGLUE SURGICAL ADHESIVE,CRYOLIFE  INC.,3/29/2001,H990007/S001
ENTERRA(TM) THERAPY SYSTEM,MEDTRONIC Inc.,4/12/2001,H990014/S002
MDS NORDION THERASPHERE YTTRIUM-90 GLASS MICROSPHERES,BIOCOMPATIBLES U.K. LIMITED,3/6/2001,H980006/S002
PROXIMAL INTERPHALANGEAL (PIP) FINGER JOINT,STRYKER CORPORATION,5/30/2001,H980002/S002
JOMED JOSTENT CORONARY STENT GRAFT,ABBOTT VASCULAR DEVICES,4/12/2001,H000001/S001
CARDIOSEAL SEPTAL OCCLUSION SYSTEM,NITINOL MEDICAL TECHNOLOGIES  INC.,7/9/2001,H990011/S002
COMPOSITE CULTURED SKIN,ORTEC INTL.  INC.,6/14/2001,H990013/S001
ENTERRA(TM) THERAPY SYSTEM,MEDTRONIC Inc.,6/27/2001,H990014/S003
MDS NORDION THERASPHERE YTTRIUM-90 GLASS MICROSPHERES,BIOCOMPATIBLES U.K. LIMITED,7/12/2001,H980006/S003
MEDTRONIC ENTERRA LEAD MODEL 4351,MEDTRONIC Inc.,9/21/2001,H990014/S004
ORCEL (TM) (COMPOSITE CULTURED SKIN),ORTEC INTL.  INC.,10/16/2001,H990013/S003
JOMED JOSTENT GRAFT MASTER,ABBOTT VASCULAR DEVICES,3/17/2003,H000001/S002
MDS NORDION THERASPHERE YTTRIUM-90 GLASS MICROSPHERES,BIOCOMPATIBLES U.K. LIMITED,9/19/2001,H980006/S004
JOMED JOSTENT GRAFT MASTER,ABBOTT VASCULAR DEVICES,3/18/2003,H000001/S003
MDS NORDION THERASPHERE YTTRIUM-90 GLASS MICROSPHERES,BIOCOMPATIBLES U.K. LIMITED,12/11/2001,H980006/S005
ORCEL (TM) (COMPOSITE CULTURED SKIN),ORTEC INTL.  INC.,2/6/2002,H990013/S004
MEDTRONIC ENTERRA LEAD MODEL 4351,MEDTRONIC Inc.,12/5/2001,H990014/S005
OP-1 IMPLANT,OLYMPUS BIOTECH CORPORATION,1/22/2002,H010002/S001
MEDTRONIC ENTERRA LEAD MODEL 4351,MEDTRONIC Inc.,12/14/2001,H990014/S006
EXCORIM IMMUNOADSORPTION SYSTEM,FRESENIUS MEDICAL CARE,1/24/2002,H970004/S003
OP-1 IMPLANT,OLYMPUS BIOTECH CORPORATION,6/7/2002,H010002/S002
OP-1 IMPLANT,OLYMPUS BIOTECH CORPORATION,6/7/2002,H010002/S003
VISX EXCIMER LASER SYSTEM,ABBOTT MEDICAL OPTICS INC,5/10/2002,H000002/S001
AMPLATZER PFO OCCLUDER,AGA MEDICAL CORP.,6/28/2002,H000007/S001
OP-1 IMPLANT,OLYMPUS BIOTECH CORPORATION,11/15/2002,H010002/S004
CARDIOSEAL SEPTAL OCCLUSION SYSTEM,NITINOL MEDICAL TECHNOLOGIES  INC.,6/19/2002,H990011/S003
OP-1 IMPLANT,OLYMPUS BIOTECH CORPORATION,7/10/2002,H010002/S005
MEDTRONIC ENTERRA LEAD MODEL 4351,MEDTRONIC Inc.,11/22/2002,H990014/S008
CARDIOSEAL SEPTAL OCCLUSION SYSTEM,NITINOL MEDICAL TECHNOLOGIES  INC.,10/23/2002,H990011/S004
CARDIOSEAL SEPTAL OCCLUSION SYSTEM,NITINOL MEDICAL TECHNOLOGIES  INC.,2/20/2003,H990011/S005
PROXIMAL INTERPHALANGEAL (PIP) FINGER JOINT,STRYKER CORPORATION,12/31/2002,H980002/S003
METACARPAL PHALANGEAL JOINT IMPLANT,STRYKER CORPORATION,12/31/2002,H010001/S001
ASCENSION PIP,ASCENSION ORTHOPEDICS  INC.,1/28/2003,H010005/S001
NEUROFORM MICRODELIVERY STENT,Stryker Neurovascular,12/30/2002,H020002/S001
CARDIOSEAL SEPTAL OCCLUSION SYSTEM,NITINOL MEDICAL TECHNOLOGIES  INC.,12/23/2002,H990011/S006
SHELHIGH NO-REACT PORCINE PULMONIC VALVE CONDUIT,SHELHIGH  INC.,11/24/2003,H980007/S002
ASCENSION PIP,ASCENSION ORTHOPEDICS  INC.,1/29/2003,H010005/S002
NEUROFORM MICRODELIVERY STENT,Stryker Neurovascular,2/28/2003,H020002/S002
MEDTRONIC ENTERRA LEAD MODEL 4351,MEDTRONIC Inc.,4/10/2003,H990014/S009
NEUROFORM MICRODELIVERY STENT,Stryker Neurovascular,4/30/2003,H020002/S003
OP-1 IMPLANT,OLYMPUS BIOTECH CORPORATION,7/10/2003,H010002/S006
OP-1 IMPLANT,OLYMPUS BIOTECH CORPORATION,7/10/2003,H010002/S007
NEUROFORM MICRODELIVERY STENT,Stryker Neurovascular,6/19/2003,H020002/S004
CARDIOSEAL SEPTAL OCCLUSION SYSTEM,NITINOL MEDICAL TECHNOLOGIES  INC.,7/3/2003,H990011/S008
OP-1 IMPLANT,OLYMPUS BIOTECH CORPORATION,8/29/2003,H010002/S008
NEUROFORM MICRODELIVERY STENT,Stryker Neurovascular,7/14/2003,H020002/S005
ASCENSION PIP,ASCENSION ORTHOPEDICS  INC.,8/11/2003,H010005/S003
AMPLATZER PFO OCCLUDER,AGA MEDICAL CORP.,8/21/2003,H000007/S003
OP-1 IMPLANT,OLYMPUS BIOTECH CORPORATION,9/16/2003,H010002/S009
MEDTRONIC ENTERRA LEAD MODEL 4351,MEDTRONIC Inc.,11/18/2003,H990014/S010
AMPLATZER PFO OCCLUDER,AGA MEDICAL CORP.,10/31/2003,H000007/S004
MEDTRONIC ACTIVA DEEP BRAIN STIMULATION (DBS)SYSTEM,MEDTRONIC NEUROMODULATION,11/18/2003,H020007/S001
OP-1 IMPLANT,OLYMPUS BIOTECH CORPORATION,10/21/2003,H010002/S010
NEUROFORM MICRODELIVERY STENT,Stryker Neurovascular,12/31/2003,H020002/S006
MEDTRONIC ACTIVA DEEP BRAIN STIMULATION (DBS)SYSTEM,MEDTRONIC NEUROMODULATION,12/11/2003,H020007/S002
CONTEGRA PULMONARY VALVED CONDUIT,Medtronic  Inc.,2/18/2004,H020003/S001
OP-1 IMPLANT,OLYMPUS BIOTECH CORPORATION,4/2/2004,H010002/S011
MDS NORDION THERASPHERE YTTRIUM-90 GLASS MICROSPHERES,BIOCOMPATIBLES U.K. LIMITED,1/9/2004,H980006/S006
MDS NORDION THERASPHERE YTTRIUM-90 GLASS MICROSPHERES,BIOCOMPATIBLES U.K. LIMITED,6/17/2004,H980006/S008
EXCORIM IMMUNOADSORPTION SYSTEM,FRESENIUS MEDICAL CARE,2/20/2004,H970004/S004
AMPLATZER PFO OCCLUDER,AGA MEDICAL CORP.,9/16/2005,H000007/S005
TAS ECT TEST,CARDIOVASCULAR DIAGNOSTICS  INC.,8/31/2004,H990012/S001
CARDIOSEAL SEPTAL OCCLUSION SYSTEM,NITINOL MEDICAL TECHNOLOGIES  INC.,3/24/2004,H990011/S010
OP-1 IMPLANT,OLYMPUS BIOTECH CORPORATION,4/15/2004,H010002/S012
CARDIOSEAL SEPTAL OCCLUSION SYSTEM,NITINOL MEDICAL TECHNOLOGIES  INC.,5/10/2004,H990011/S011
CARDIOSEAL SEPTAL OCCLUSION SYSTEM,NITINOL MEDICAL TECHNOLOGIES  INC.,5/14/2004,H990011/S012
CARDIOSEAL SEPTAL OCCLUSION SYSTEM,NITINOL MEDICAL TECHNOLOGIES  INC.,5/21/2004,H990011/S013
OP-1 IMPLANT,OLYMPUS BIOTECH CORPORATION,7/7/2004,H010002/S013
JOSONICS GRAFTMASTER,ABBOTT VASCULAR DEVICES,5/19/2004,H000001/S005
MEDTRONIC ENTERRA LEAD MODEL 4351,MEDTRONIC Inc.,5/27/2004,H990014/S011
MEDTRONIC ACTIVA DEEP BRAIN STIMULATION (DBS)SYSTEM,MEDTRONIC NEUROMODULATION,7/30/2004,H020007/S003
DEBAKEY VAD CHILD VENTRICULAR ASSIST DEVICE SYSTEM,RELIANTHEART INC.,12/8/2004,H030003/S001
NEUROFORM MICRODELIVERY STENT,Stryker Neurovascular,11/17/2004,H020002/S007
OP-1 IMPLANT,OLYMPUS BIOTECH CORPORATION,2/22/2005,H010002/S014
OP-1 PUTTY FOR POSTEROLATERAL SPINAL FUSIONS,OLYMPUS BIOTECH CORPORATION,2/22/2005,H020008/S001
CARDIOSEAL SEPTAL OCCLUSION SYSTEM,NITINOL MEDICAL TECHNOLOGIES  INC.,9/10/2004,H990011/S014
MDS NORDION THERASPHERE YTTRIUM-90 GLASS MICROSPHERES,BIOCOMPATIBLES U.K. LIMITED,12/22/2004,H980006/S009
OP-1 IMPLANT,OLYMPUS BIOTECH CORPORATION,12/29/2004,H010002/S015
OP-1 PUTTY FOR POSTEROLATERAL SPINAL FUSIONS,OLYMPUS BIOTECH CORPORATION,12/29/2004,H020008/S002
DEBAKEY VAD CHILD VENTRICULAR ASSIST DEVICE SYSTEM,RELIANTHEART INC.,4/29/2005,H030003/S002
NEUROCONTROL CORPORATION VOCARE BLADDER SYSTEM,MDCI,10/31/2005,H980005/S002
NEUROCONTROL VOCARE BLADDER SYSTEM,MDCI MEDICAL DEVICE CONSULTANTS  INC.,10/31/2005,H980008/S002
NEUROFORM2 AND NEUROFORM3 MICRODELIVERY STENT SYSTEMS,Stryker Neurovascular,1/18/2005,H020002/S008
OP-1 IMPLANT,OLYMPUS BIOTECH CORPORATION,12/8/2005,H010002/S016
OP-1 PUTTY FOR POSTEROLATERAL SPINAL FUSIONS,OLYMPUS BIOTECH CORPORATION,12/8/2005,H020008/S003
DEBAKEY VAD CHILD VENTRICULAR ASSIST DEVICE SYSTEM,RELIANTHEART INC.,6/14/2006,H030003/S003
EXCORIM IMMUNOADSORPTION SYSTEM,FRESENIUS MEDICAL CARE,12/5/2005,H970004/S005
DEBAKEY VAD CHILD VENTRICULAR ASSIST DEVICE SYSTEM,RELIANTHEART INC.,5/27/2005,H030003/S004
VERTICAL EXPANDABLE PROSTHETIC TITANIUM RIB (VEPTR),SYNTHES SPINE,7/11/2005,H030009/S002
MEDTRONIC ENTERRA LEAD MODEL 4351,MEDTRONIC Inc.,7/8/2005,H990014/S013
AMPLATZER PFO OCCLUDER,AGA MEDICAL CORP.,11/10/2005,H000007/S008
DEBAKEY VAD CHILD VENTRICULAR ASSIST DEVICE SYSTEM,RELIANTHEART INC.,9/13/2005,H030003/S005
OP-1 IMPLANT,OLYMPUS BIOTECH CORPORATION,5/2/2008,H010002/S017
OP-1 PUTTY FOR POSTEROLATERAL SPINAL FUSIONS,OLYMPUS BIOTECH CORPORATION,5/2/2008,H020008/S005
OP-1 PUTTY FOR POSTEROLATERAL SPINAL FUSIONS,OLYMPUS BIOTECH CORPORATION,10/26/2007,H020008/S006
OP-1 IMPLANT,OLYMPUS BIOTECH CORPORATION,10/26/2007,H010002/S018
OP-1 PUTTY FOR POSTEROLATERAL SPINAL FUSIONS,OLYMPUS BIOTECH CORPORATION,11/30/2005,H020008/S007
WINGSPAN STENT SYSTEM WITH GATEWAY PTA BALLOON CATHETER,STRYKER CORP.,10/24/2005,H050001/S001
MEDTRONIC ENTERRA LEAD MODEL 4351,MEDTRONIC Inc.,2/21/2006,H990014/S014
MEDTRONIC ENTERRA LEAD MODEL 4351,MEDTRONIC Inc.,12/12/2005,H990014/S015
MEDTRONIC ENTERRA LEAD MODEL 4351,MEDTRONIC Inc.,11/15/2005,H990014/S016
AMPLATZER PFO OCCLUDER,AGA MEDICAL CORP.,5/16/2006,H000007/S009
WINGSPAN STENT SYSTEM WITH GATEWAY PTA BALLOON CATHETER,STRYKER CORP.,11/30/2005,H050001/S002
NEUROFORM2 AND NEUROFORM3 MICRODELIVERY STENT SYSTEMS,Stryker Neurovascular,11/30/2005,H020002/S009
EXCORIM IMMUNOADSORPTION SYSTEM,FRESENIUS MEDICAL CARE,7/28/2006,H970004/S007
MEDTRONIC ACTIVA DEEP BRAIN STIMULATION (DBS)SYSTEM,MEDTRONIC NEUROMODULATION,3/22/2006,H020007/S006
EXCORIM IMMUNOADSORPTION SYSTEM,FRESENIUS MEDICAL CARE,3/9/2006,H970004/S008
VERTICAL EXPANDABLE PROSTHETIC TITANIUM RIB (VEPTR),SYNTHES SPINE,12/12/2005,H030009/S003
WINGSPAN STENT SYSTEM WITH GATEWAY PTA BALLOON CATHETER,STRYKER CORP.,3/22/2006,H050001/S003
MEDTRONIC ENTERRA LEAD MODEL 4351,MEDTRONIC Inc.,3/9/2006,H990014/S018
MEDTRONIC ACTIVA DEEP BRAIN STIMULATION (DBS)SYSTEM,MEDTRONIC NEUROMODULATION,3/22/2006,H020007/S008
EXCORIM IMMUNOADSORPTION SYSTEM,FRESENIUS MEDICAL CARE,3/9/2006,H970004/S009
EXCORIM IMMUNOADSORPTION SYSTEM,FRESENIUS MEDICAL CARE,3/9/2006,H970004/S010
ENTERRA THERAPY SYSTEM,MEDTRONIC Inc.,5/22/2006,H990014/S020
COAXIA NEUROFLO CATHETER,ZOLL CIRCULATION,9/8/2006,H030005/S001
OP-1 IMPLANT,OLYMPUS BIOTECH CORPORATION,9/15/2006,H010002/S021
OP-1 PUTTY FOR POSTEROLATERAL SPINAL FUSIONS,OLYMPUS BIOTECH CORPORATION,9/15/2006,H020008/S008
JOSONICS GRAFTMASTER,ABBOTT VASCULAR DEVICES,3/7/2007,H000001/S006
MEDTRONIC ACTIVA DEEP BRAIN STIMULATION (DBS)SYSTEM,MEDTRONIC NEUROMODULATION,8/1/2006,H020007/S010
ENTERRA THERAPY SYSTEM,MEDTRONIC Inc.,8/1/2006,H990014/S022
WINGSPAN STENT SYSTEM WITH GATEWAY PTA BALLOON CATHETER,STRYKER CORP.,6/21/2006,H050001/S005
MEDTRONIC ACTIVA DEEP BRAIN STIMULATION (DBS)SYSTEM,MEDTRONIC NEUROMODULATION,8/1/2006,H020007/S011
NEUROFORM2 AND NEUROFORM3 MICRODELIVERY STENT SYSTEMS,Stryker Neurovascular,6/8/2006,H020002/S011
OP-1 IMPLANT,OLYMPUS BIOTECH CORPORATION,9/15/2009,H010002/S022
OP-1 PUTTY FOR POSTEROLATERAL SPINAL FUSIONS,OLYMPUS BIOTECH CORPORATION,9/15/2009,H020008/S009
EXCORIM IMMUNOADSORPTION SYSTEM,FRESENIUS MEDICAL CARE,10/3/2006,H970004/S011
DERMAGRAFT (DYSTROPHIC EPIDERMOLYSIS BULLOSA),ADVANCED BIOHEALING  INC,8/9/2006,H020004/S002
AMPLATZER PATENT FORAMEN OVALE,AGA MEDICAL CORP.,7/18/2006,H000007/S011
MDS NORDION THERASPHERE YTTRIUM-90 GLASS MICROSPHERES,BIOCOMPATIBLES U.K. LIMITED,11/14/2006,H980006/S011
JOSONICS GRAFTMASTER,ABBOTT VASCULAR DEVICES,5/9/2007,H000001/S007
OP-1 IMPLANT,OLYMPUS BIOTECH CORPORATION,5/25/2007,H010002/S023
OP-1 PUTTY FOR POSTEROLATERAL SPINAL FUSIONS,OLYMPUS BIOTECH CORPORATION,5/25/2007,H020008/S010
ABIOCOR,ABIOMED  INC.,11/8/2006,H040006/S001
INTACS PRESCRIPTION INSERTS FOR KERATOCONUS,ADDITION TECHNOLOGY,3/23/2010,H040002/S001
MDS NORDION THERASPHERE YTTRIUM-90 GLASS MICROSPHERES,BIOCOMPATIBLES U.K. LIMITED,2/16/2007,H980006/S012
MESOMARK,Fujirebio Diagnostics  Inc.,4/20/2007,H060004/S001
ABIOCOR,ABIOMED  INC.,1/17/2008,H040006/S002
VERTICAL EXPANDABLE PROSTHETIC TITANIUM RIB (VEPTR),SYNTHES SPINE,5/25/2007,H030009/S004
DEBAKEY VAD CHILD VENTRICULAR ASSIST DEVICE SYSTEM,RELIANTHEART INC.,5/16/2007,H030003/S006
WINGSPAN STENT SYSTEM WITH GATEWAY PTA BALLOON CATHETER,STRYKER CORP.,4/20/2007,H050001/S006
OP-1 IMPLANT,OLYMPUS BIOTECH CORPORATION,6/16/2008,H010002/S024
OP-1 PUTTY FOR POSTEROLATERAL SPINAL FUSIONS,OLYMPUS BIOTECH CORPORATION,6/16/2008,H020008/S011
CORDIS ENTERPRISE VASCULAR RECONSTRUCTION DEVICE AND DELIVERY SYSTEM,CODMAN & SHURTLEFF  INC.,6/8/2007,H060001/S001
CONTEGRA PULMONARY VALVED CONDUIT,Medtronic  Inc.,10/16/2007,H020003/S004
CORDIS ENTERPRISE VASCULAR RECONSTRUCTION DEVICE AND DELIVERY SYSTEM,CODMAN & SHURTLEFF  INC.,7/2/2007,H060001/S002
CORDIS ENTERPRISE VASCULAR RECONSTRUCTION DEVICE AND DELIVERY SYSTEM,CODMAN & SHURTLEFF  INC.,8/10/2007,H060001/S003
WINGSPAN STENT SYSTEM WITH GATEWAY PTA BALLOON CATHETER,STRYKER CORP.,12/21/2007,H050001/S007
NEUROFORM2 AND NEUROFORM3 MICRODELIVERY STENT SYSTEMS,Stryker Neurovascular,12/21/2007,H020002/S012
OP-1 IMPLANT,OLYMPUS BIOTECH CORPORATION,4/17/2008,H010002/S025
OP-1 PUTTY FOR POSTEROLATERAL SPINAL FUSIONS,OLYMPUS BIOTECH CORPORATION,4/17/2008,H020008/S012
METACARPAL PHALANGEAL JOINT IMPLANT,STRYKER CORPORATION,9/28/2007,H010001/S002
PROXIMAL INTERPHALANGEAL (PIP) FINGER JOINT,STRYKER CORPORATION,9/28/2007,H980002/S004
MEDTRONIC ACTIVA DEEP BRAIN STIMULATION (DBS)SYSTEM,MEDTRONIC NEUROMODULATION,12/10/2007,H020007/S013
ENTERRA THERAPY SYSTEM,MEDTRONIC Inc.,11/20/2007,H990014/S023
ENTERRA INTESTINAL STIMULATOR,MEDTRONIC Inc.,1/11/2008,H990014/S024
DYSTONIA FAMILY OF NEUROSTIMULATOR,MEDTRONIC NEUROMODULATION,1/11/2008,H020007/S014
DYSTONIA FAMILY OF NEUROSTIMULATOR,MEDTRONIC NEUROMODULATION,11/8/2007,H020007/S015
ENTERRA INTESTINAL STIMULATOR,MEDTRONIC Inc.,11/8/2007,H990014/S025
ASCENSION PIP,ASCENSION ORTHOPEDICS  INC.,1/3/2008,H010005/S004
CONTEGRA PULMONARY VALVED CONDUIT,Medtronic  Inc.,2/21/2008,H020003/S005
CORDIS ENTERPRISE VASCULAR RECONSTRUCTION DEVICE AND DELIVERY SYSTEM,CODMAN & SHURTLEFF  INC.,11/30/2007,H060001/S004
CORDIS ENTERPRISE VASCULAR RECONSTRUCTION DEVICE AND DELIVERY SYSTEM,CODMAN & SHURTLEFF  INC.,11/30/2007,H060001/S005
ENTERRA INTESTINAL STIMULATOR,MEDTRONIC Inc.,12/11/2007,H990014/S026
DYSTONIA FAMILY OF NEUROSTIMULATOR,MEDTRONIC NEUROMODULATION,12/11/2007,H020007/S016
WINGSPAN STENT SYSTEM WITH GATEWAY PTA BALLOON CATHETER,STRYKER CORP.,5/2/2008,H050001/S008
CORDIS ENTERPRISE VASCULAR RECONSTRUCTION DEVICE AND DELIVERY SYSTEM,CODMAN & SHURTLEFF  INC.,3/5/2008,H060001/S006
MDS NORDION THERASPHERE YTTRIUM-90 GLASS MICROSPHERES,BIOCOMPATIBLES U.K. LIMITED,2/21/2008,H980006/S013
VERTICAL EXPANDABLE PROSTHETIC TITANIUM RIB (VEPTR),SYNTHES SPINE,1/24/2008,H030009/S005
WINGSPAN STENT SYSTEM WITH GATEWAY PTA BALLOON CATHETER,STRYKER CORP.,2/29/2008,H050001/S009
ACTIVA DYSTONIA THERAPY,MEDTRONIC NEUROMODULATION,4/25/2008,H020007/S017
HARRISON FETAL BLADDER STENT SET,Cook Incorporated,5/7/2008,H960001/S001
CORDIS ENTERPRISE VASCULAR RECONSTRUCTION DEVICE AND DELIVERY SYSTEM,CODMAN & SHURTLEFF  INC.,5/2/2008,H060001/S007
MDS NORDION THERASPHERE YTTRIUM-90 GLASS MICROSPHERES,BIOCOMPATIBLES U.K. LIMITED,6/24/2008,H980006/S014
EPICEL (CULTURED EPIDERMAL AUTOGRAFTS),GENZYME CORP.,8/12/2008,H990002/S001
WINGSPAN STENT SYSTEM WITH GATEWAY PTA BALLOON CATHETER,STRYKER CORP.,5/8/2008,H050001/S010
NEUROFORM2 AND NEUROFORM3 MICRODELIVERY STENT SYSTEMS,Stryker Neurovascular,5/14/2008,H020002/S013
DEBAKEY VAD CHILD VENTRICULAR ASSIST DEVICE SYSTEM,RELIANTHEART INC.,7/31/2008,H030003/S007
ACTIVA DYSTONIA THERAPY,MEDTRONIC NEUROMODULATION,5/22/2008,H020007/S018
ENTERRA INTESTINAL STIMULATOR,MEDTRONIC Inc.,5/22/2008,H990014/S027
OP-1 IMPLANT,OLYMPUS BIOTECH CORPORATION,9/17/2008,H010002/S026
OP-1 PUTTY FOR POSTEROLATERAL SPINAL FUSIONS,OLYMPUS BIOTECH CORPORATION,9/17/2008,H020008/S013
EPICEL (CULTURED EPIDERMAL AUTOGRAFTS),GENZYME CORP.,7/11/2008,H990002/S002
MDS NORDION THERASPHERE YTTRIUM-90 GLASS MICROSPHERES,BIOCOMPATIBLES U.K. LIMITED,9/16/2008,H980006/S015
NEUROFORM2 AND NEUROFORM3 MICRODELIVERY STENT SYSTEMS,Stryker Neurovascular,9/4/2008,H020002/S014
COAXIA NEUROFLO CATHETER,ZOLL CIRCULATION,10/16/2008,H030005/S002
ACTIVA DYSTONIA THERAPY,MEDTRONIC NEUROMODULATION,10/17/2008,H020007/S021
ENTERRA INTESTINAL STIMULATOR,MEDTRONIC Inc.,10/17/2008,H990014/S030
CONTEGRA PULMONARY VALVED CONDUIT,Medtronic  Inc.,9/4/2008,H020003/S006
EPICEL (CULTURED EPIDERMAL AUTOGRAFTS),GENZYME CORP.,5/13/2010,H990002/S003
WINGSPAN STENT SYSTEM WITH GATEWAY PTA BALLOON CATHETER,STRYKER CORP.,9/26/2008,H050001/S011
NEUROFORM2 AND NEUROFORM3 MICRODELIVERY STENT SYSTEMS,Stryker Neurovascular,1/22/2009,H020002/S015
WINGSPAN STENT SYSTEM WITH GATEWAY PTA BALLOON CATHETER,STRYKER CORP.,11/10/2008,H050001/S012
NEURX RA/4 DEVICE,SYNAPSE BIOMEDICAL,2/3/2009,H070003/S001
ENTERRA INTESTINAL STIMULATOR,MEDTRONIC Inc.,6/12/2009,H990014/S032
LEVITRONIX CENTRIMAG RIGHT VENTRICULAR ASSIST SYSTEM (RVAS),THORATEC CORP.,5/22/2009,H070004/S001
LEVITRONIX CENTRIMAG RIGHT VENTRICULAR ASSIST SYSTEM (RVAS),THORATEC CORP.,11/12/2008,H070004/S002
WINGSPAN STENT SYSTEM WITH GATEWAY PTA BALLOON CATHETER,STRYKER CORP.,1/13/2009,H050001/S013
WINGSPAN STENT SYSTEM WITH GATEWAY PTA BALLOON CATHETER,STRYKER CORP.,12/8/2008,H050001/S014
LEVITRONIX CENTRIMAG RIGHT VENTRICULAR ASSIST SYSTEM (RVAS),THORATEC CORP.,12/11/2008,H070004/S003
ACTIVA DYSTONIA THERAPY,MEDTRONIC NEUROMODULATION,1/16/2009,H020007/S023
ENTERRA INTESTINAL STIMULATOR,MEDTRONIC Inc.,1/14/2009,H990014/S033
ACTIVA DYSTONIA THERAPY,MEDTRONIC NEUROMODULATION,1/14/2009,H020007/S024
ENTERRA INTESTINAL STIMULATOR,MEDTRONIC Inc.,1/5/2009,H990014/S034
DYSTONIA IMPLANTABLE NEUROSTIMULATOR,MEDTRONIC NEUROMODULATION,1/5/2009,H020007/S025
LEVITRONIX CENTRIMAG RIGHT VENTRICULAR ASSIST SYSTEM (RVAS),THORATEC CORP.,2/5/2009,H070004/S004
DYSTONIA IMPLANTABLE NEUROSTIMULATOR,MEDTRONIC NEUROMODULATION,1/26/2009,H020007/S026
ENTERRA INTESTINAL STIMULATOR,MEDTRONIC Inc.,1/26/2009,H990014/S035
IBV VALVE SYSTEM,SPIRATION  INC.,11/27/2009,H060002/S001
EPICEL (CULTURED EPIDERMAL AUTOGRAFTS),GENZYME CORP.,2/25/2009,H990002/S005
NEUROFORM2 AND NEUROFORM3 MICRODELIVERY STENT SYSTEMS,Stryker Neurovascular,5/27/2010,H020002/S016
ENTERRA  FAMILY OF NEUROSTIMULATION LEADS,MEDTRONIC Inc.,3/2/2009,H990014/S036
DEEP BRAIN STIMULATION KITS FOR DYSTONIA,MEDTRONIC NEUROMODULATION,3/2/2009,H020007/S027
DEEP BRAIN STIMULATION KITS FOR DYSTONIA,MEDTRONIC NEUROMODULATION,3/12/2009,H020007/S028
ENTERRA  INTESTINAL STIMULATOR,MEDTRONIC Inc.,3/12/2009,H990014/S037
ACTIVA DYSTONIA THERAPY,MEDTRONIC NEUROMODULATION,3/19/2009,H020007/S029
EPICEL (CULTURED EPIDERMAL AUTOGRAFTS),GENZYME CORP.,6/19/2009,H990002/S006
IBV VALVE SYSTEM,SPIRATION  INC.,5/7/2009,H060002/S003
MEDTRONIC ENTERRA THERAPY SYSTEM,MEDTRONIC Inc.,6/2/2009,H990014/S038
WINGSPAN STENT SYSTEM WITH GATEWAY PTA BALLOON CATHETER,STRYKER CORP.,9/1/2009,H050001/S015
WINGSPAN STENT SYSTEM WITH GATEWAY PTA BALLOON CATHETER,STRYKER CORP.,7/22/2009,H050001/S016
MEDTRONIC (ACTIVA)DEEP BRAIN STIMULATION FOR OCD THERAPY,MEDTRONIC INC. NEUROLOGICAL DIVISION,9/16/2009,H050003/S001
OP-1 IMPLANT,OLYMPUS BIOTECH CORPORATION,2/24/2011,H010002/S027
NEUROFORM2 AND NEUROFORM3 MICRODELIVERY STENT SYSTEMS,Stryker Neurovascular,8/6/2009,H020002/S017
OP-1 PUTTY FOR POSTEROLATERAL SPINAL FUSIONS,OLYMPUS BIOTECH CORPORATION,2/24/2011,H020008/S014
WINGSPAN STENT SYSTEM WITH GATEWAY PTA BALLOON CATHETER,STRYKER CORP.,9/18/2009,H050001/S017
CONTEGRA PULMONARY VALVED CONDUIT,Medtronic  Inc.,9/11/2009,H020003/S007
WINGSPAN STENT SYSTEM WITH GATEWAY PTA BALLOON CATHETER,STRYKER CORP.,12/30/2009,H050001/S018
MDS NORDION THERASPHERE YTTRIUM-90 GLASS MICROSPHERES,BIOCOMPATIBLES U.K. LIMITED,2/28/2014,H980006/S016
LEVITRONIX CENTRIMAG RIGHT VENTRICULAR ASSIST SYSTEM (RVAS),THORATEC CORP.,11/23/2009,H070004/S005
EPICEL (CULTURED EPIDERMAL AUTOGRAFTS),GENZYME CORP.,11/23/2009,H990002/S008
OP-1 PUTTY FOR POSTEROLATERAL SPINAL FUSIONS,OLYMPUS BIOTECH CORPORATION,6/11/2010,H020008/S015
NEUROFORM2 AND NEUROFORM3 MICRODELIVERY STENT SYSTEMS,Stryker Neurovascular,5/14/2010,H020002/S018
VERTICAL EXPANDABLE PROSTHETIC TITANIUM RIB (VEPTR),SYNTHES SPINE,1/13/2010,H030009/S006
LEVITRONIX CENTRIMAG RIGHT VENTRICULAR ASSIST SYSTEM (RVAS),THORATEC CORP.,1/21/2010,H070004/S006
ENTERRA INTESTINAL NEUROSTIMULATORS,MEDTRONIC Inc.,1/13/2010,H990014/S040
DEEP BRAIN STIMULATION FOR DYSTONIA,MEDTRONIC NEUROMODULATION,1/13/2010,H020007/S030
DEEP BRAIN STIMULATION FOR OBSESSIVE-COMPULSIVE DISORDER,MEDTRONIC INC. NEUROLOGICAL DIVISION,1/13/2010,H050003/S002
EPICEL (CULTURED EPIDERMAL AUTOGRAFTS),GENZYME CORP.,5/19/2010,H990002/S009
CORDIS ENTERPRISE VASCULAR RECONSTRUCTION DEVICE AND DELIVERY SYSTEM,CODMAN & SHURTLEFF  INC.,1/15/2010,H060001/S009
DEEP BRAIN STIMULATION FOR OBSESSIVE-COMPULSIVE DISORDER,MEDTRONIC INC. NEUROLOGICAL DIVISION,3/24/2010,H050003/S003
DEEP BRAIN STIMULATION FOR DYSTONIA,MEDTRONIC NEUROMODULATION,3/24/2010,H020007/S031
ENTERRA INTESTINAL NEUROSTIMULATORS,MEDTRONIC Inc.,3/24/2010,H990014/S041
CONTEGRA PULMONARY VALVED CONDUIT,Medtronic  Inc.,3/15/2010,H020003/S008
ENTERRA INTESTINAL NEUROSTIMULATORS,MEDTRONIC Inc.,2/12/2010,H990014/S042
EPICEL (CULTURED EPIDERMAL AUTOGRAFTS),GENZYME CORP.,2/23/2010,H990002/S010
ENTERRA INTESTINAL STIMULATOR,MEDTRONIC Inc.,2/26/2010,H990014/S043
DEEP BRAIN STIMULATION FOR OBSESSIVE-COMPULSIVE DISORDER,MEDTRONIC INC. NEUROLOGICAL DIVISION,2/26/2010,H050003/S004
DEEP BRAIN STIMULATION FOR DYSTONIA,MEDTRONIC NEUROMODULATION,2/26/2010,H020007/S032
DEEP BRAIN STIMULATION FOR DYSTONIA,MEDTRONIC NEUROMODULATION,3/3/2010,H020007/S033
ENTERRA SYSTEM UNIPOLAR INTRAMUSCULAR LEAD,MEDTRONIC Inc.,3/3/2010,H990014/S044
WINGSPAN STENT SYSTEM WITH GATEWAY PTA BALLOON CATHETER,STRYKER CORP.,3/5/2010,H050001/S019
MELODY TRANSCATHETER PULMONARY VALVE AND ENSEMBLE TRANSCATHETER VALVE DELIVERY SYSTEM,Medtronic  Inc,4/6/2010,H080002/S001
WINGSPAN STENT SYSTEM,STRYKER CORP.,6/18/2010,H050001/S020
DEBAKEY VAD CHILD VENTRICULAR ASSIST DEVICE SYSTEM,RELIANTHEART INC.,4/15/2010,H030003/S009
ENTERRA IMPLANTABLE NEUROSTIMULATOR & UNIPOLAR MUSCULAR LEAD,MEDTRONIC Inc.,4/16/2010,H990014/S045
DEEP BRAIN STIMULATION FOR OBSESSIVE-COMPULSIVE DISORDER,MEDTRONIC INC. NEUROLOGICAL DIVISION,4/16/2010,H050003/S005
MELODY TRANSCATHETER PULMONARY VALVE AND ENSEMBLE TRANSCATHETER VALVE DELIVERY SYSTEM,Medtronic  Inc,9/2/2010,H080002/S002
NEUROFORM MICRODELIVERY STENT SYSTEM,Stryker Neurovascular,4/30/2010,H020002/S020
WINGSPAN STENT SYSTEM WITH GATEWAY PTA BALLOON CATHETER,STRYKER CORP.,4/30/2010,H050001/S021
MDS NORDION THERASPHERE YTTRIUM-90 GLASS MICROSPHERES,BIOCOMPATIBLES U.K. LIMITED,5/5/2010,H980006/S017
WINGSPAN STENT SYSTEM WITH GATEWAY PTA BALLOON CATHETER,STRYKER CORP.,11/19/2010,H050001/S022
MICROMED HEART ASSIST 5 PEDIATRIC VAD LEFT VENTRICULAR ASSIST DEVICE,RELIANTHEART INC.,10/1/2010,H030003/S010
NEUROFORM MICRODELIVERY STENT SYSTEM,Stryker Neurovascular,6/24/2010,H020002/S021
WINGSPAN STENT SYSTEM WITH GATEWAY PTA BALLOON CATHETER,STRYKER CORP.,6/24/2010,H050001/S023
DEEP BRAIN STIMULATION FOR OBSESSIVE-COMPULSIVE DISORDER,MEDTRONIC INC. NEUROLOGICAL DIVISION,6/30/2010,H050003/S006
DEEP BRAIN STIMULATION FOR DYSTONIA,MEDTRONIC NEUROMODULATION,6/30/2010,H020007/S034
WINGSPAN STENT SYSTEM WITH GATEWAY PTA BALLOON CATHETER,STRYKER CORP.,7/14/2010,H050001/S024
CORDIS ENTERPRISE VASCULAR RECONSTRUCTION DEVICE AND DELIVERY SYSTEM,CODMAN & SHURTLEFF  INC.,8/16/2010,H060001/S010
ENTERRA IMPLANTABLE NEUROSTIMULATOR & UNIPOLAR MUSCULAR LEAD,MEDTRONIC Inc.,7/20/2010,H990014/S046
ACTIVA DYSTONIA THERAPY KITS,MEDTRONIC NEUROMODULATION,7/20/2010,H020007/S035
IMPLANTABLE NEUROSTIMULATORS FOR OBSESSIVE-COMPULSIVE DISORDER,MEDTRONIC INC. NEUROLOGICAL DIVISION,7/20/2010,H050003/S007
IBV VALVE SYSTEM,SPIRATION  INC.,9/14/2010,H060002/S004
LEVITRONIX CENTRIMAG RIGHT VENTRICULAR ASSIST SYSTEM (RVAS),THORATEC CORP.,10/12/2010,H070004/S008
ACTIVA DYSTONIA THERAPY KITS,MEDTRONIC NEUROMODULATION,9/10/2010,H020007/S036
NEUROFORM MICRODELIVERY STENT SYSTEM,Stryker Neurovascular,9/22/2010,H020002/S022
WINGSPAN STENT SYSTEM WITH GATEWAY PTA BALLOON CATHETER,STRYKER CORP.,9/24/2010,H050001/S025
WINGSPAN STENT SYSTEM WITH GATEWAY PTA BALLOON CATHETER,STRYKER CORP.,10/7/2010,H050001/S026
ASCENSION PIP,ASCENSION ORTHOPEDICS  INC.,4/20/2011,H010005/S005
ENTERRA IMPLANTABLE NEUROSTIMULATOR & UNIPOLAR MUSCULAR LEAD,MEDTRONIC Inc.,10/14/2010,H990014/S047
NEUROFORM MICRODELIVERY STENT SYSTEM,Stryker Neurovascular,10/27/2010,H020002/S023
ENTERRA IMPLANTABLE NEUROSTIMULATOR & UNIPOLAR MUSCULAR LEAD,MEDTRONIC Inc.,11/10/2010,H990014/S048
ACTIVA DYSTONIA THERAPY KITS,MEDTRONIC NEUROMODULATION,11/10/2010,H020007/S037
IMPLANTABLE NEUROSTIMULATORS FOR OBSESSIVE-COMPULSIVE DISORDER,MEDTRONIC INC. NEUROLOGICAL DIVISION,11/10/2010,H050003/S008
CONTEGRA PULMONARY VALVED CONDUIT,Medtronic  Inc.,11/19/2010,H020003/S009
MELODY TRANSCATHETER PULMONARY VALVE AND ENSEMBLE TRANSCATHETER VALVE DELIVERY SYSTEM,Medtronic  Inc,11/19/2010,H080002/S003
ENTERRA INTESTINAL STIMULATOR,MEDTRONIC Inc.,11/24/2010,H990014/S049
DEEP BRAIN STIMULATION FOR DYSTONIA KITS,MEDTRONIC NEUROMODULATION,11/24/2010,H020007/S038
ASCENSION PIP,ASCENSION ORTHOPEDICS  INC.,11/8/2010,H010005/S006
WINGSPAN STENT SYSTEM WITH GATEWAY PTA BALLOON CATHETER,STRYKER CORP.,11/24/2010,H050001/S027
NEUROFORM EZ 2 STENT SYSTEM & NEUROFORM EZ 3 STENT SYSTEM ACCESSORY KIT,Stryker Neurovascular,12/17/2010,H020002/S024
ENTERRA IMPLANTABLE NEUROSTIMULATORS (INS),MEDTRONIC Inc.,12/22/2010,H990014/S050
ACTIVA DYSTONIA THERAPY KITS,MEDTRONIC NEUROMODULATION,12/22/2010,H020007/S039
INS FOR OBSESSIVE-COMPULSIVE DISORDER,MEDTRONIC INC. NEUROLOGICAL DIVISION,12/22/2010,H050003/S009
CORDIS ENTERPRISE VASCULAR RECONSTRUCTION DEVICE AND DELIVERY SYSTEM,CODMAN & SHURTLEFF  INC.,12/22/2010,H060001/S011
ENTERRA IMPLANTABLE NEUROSTIMULATORS (INS),MEDTRONIC Inc.,12/23/2010,H990014/S051
ACTIVA DYSTONIA THERAPY KITS,MEDTRONIC NEUROMODULATION,12/23/2010,H020007/S040
INS FOR OBSESSIVE-COMPULSIVE DISORDER,MEDTRONIC INC. NEUROLOGICAL DIVISION,12/23/2010,H050003/S010
OP-1 PUTTY FOR POSTEROLATERAL SPINAL FUSIONS,OLYMPUS BIOTECH CORPORATION,12/30/2010,H020008/S016
NEUROFORM EZ 2 STENT SYSTEM & NEUROFORM EZ 3 STENT SYSTEM ACCESSORY KIT,Stryker Neurovascular,6/10/2011,H020002/S025
ENTERRA IMPLANTABLE NEUROSTIMULATOR/UNIPOLAR MUSCULAR LEAD,MEDTRONIC Inc.,1/5/2011,H990014/S052
ACTIVA DYSTONIA THERAPY KITS/CONTROL MAGNET,MEDTRONIC NEUROMODULATION,1/5/2011,H020007/S041
INS FOR OBSESSIVE-COMPULSIVE DISORDER/LEAD KITS/EXTENSIONS/CONTROL MAGNET,MEDTRONIC INC. NEUROLOGICAL DIVISION,1/5/2011,H050003/S011
WINGSPAN STENT SYSTEM WITH GATEWAY PTA BALLOON CATHETER,STRYKER CORP.,6/10/2011,H050001/S028
INS FOR OBSESSIVE-COMPULSIVE DISORDER/LEAD KITS/EXTENSIONS/CONTROL MAGNET,MEDTRONIC INC. NEUROLOGICAL DIVISION,1/7/2011,H050003/S012
ACTIVA DYSTONIA THERAPY KITS/CONTROL MAGNET,MEDTRONIC NEUROMODULATION,1/7/2011,H020007/S042
ENTERRA IMPLANTABLE NEUROSTIMULATOR/UNIPOLAR MUSCULAR LEAD,MEDTRONIC Inc.,1/7/2011,H990014/S053
WINGSPAN STENT SYSTEM WITH GATEWAY PTA BALLOON CATHETER,STRYKER CORP.,8/12/2011,H050001/S029
WINGSPAN STENT SYSTEM WITH GATEWAY PTA BALLOON CATHETER,STRYKER CORP.,8/30/2011,H050001/S030
NEUROFORM EZ 2 STENT SYSTEM & NEUROFORM EZ 3 STENT SYSTEM ACCESSORY KIT,Stryker Neurovascular,2/23/2011,H020002/S026
OP-1 PUTTY FOR POSTEROLATERAL SPINAL FUSIONS,OLYMPUS BIOTECH CORPORATION,11/17/2011,H020008/S018
VERTICAL EXPANDABLE PROSTHETIC TITANIUM RIB (VEPTR),SYNTHES SPINE,3/4/2011,H030009/S007
SOLETRA INS,MEDTRONIC NEUROMODULATION,3/9/2011,H020007/S043
SOLETRA/KINETRA INS,MEDTRONIC INC. NEUROLOGICAL DIVISION,3/9/2011,H050003/S013
ENTERRA INTESTINAL STIMULATOR,MEDTRONIC Inc.,3/9/2011,H990014/S054
ENTERRA IMPLANTABLE NEUROSTIMULATORS (INS),MEDTRONIC Inc.,3/17/2011,H990014/S055
ACTIVA DYSTONIA THERAPY KITS,MEDTRONIC NEUROMODULATION,3/17/2011,H020007/S044
INS FOR OBSESSIVE-COMPULSIVE DISORDER,MEDTRONIC INC. NEUROLOGICAL DIVISION,3/17/2011,H050003/S014
CORDIS ENTERPRISE VASCULAR RECONSTRUCTION DEVICE AND DELIVERY SYSTEM,CODMAN & SHURTLEFF  INC.,11/14/2011,H060001/S012
WINGSPAN STENT SYSTEM WITH GATEWAY PTA BALLOON CATHETER,STRYKER CORP.,5/18/2011,H050001/S031
NEUROFORM EZ 2 STENT SYSTEM & NEUROFORM EZ 3 STENT SYSTEM ACCESSORY KIT,Stryker Neurovascular,4/4/2011,H020002/S027
WINGSPAN STENT SYSTEM WITH GATEWAY PTA BALLOON CATHETER,STRYKER CORP.,4/4/2011,H050001/S032
KINETRA INS,MEDTRONIC INC. NEUROLOGICAL DIVISION,5/6/2011,H050003/S015
NEUROFORM EZ 2 STENT SYSTEM & NEUROFORM EZ 3 STENT SYSTEM ACCESSORY KIT,Stryker Neurovascular,5/26/2011,H020002/S028
ENTERRA INTESTINAL STIMULATOR,MEDTRONIC Inc.,5/4/2011,H990014/S056
SOLETRA INS,MEDTRONIC NEUROMODULATION,5/4/2011,H020007/S045
SOLETRA/KINETRA INS,MEDTRONIC INC. NEUROLOGICAL DIVISION,5/4/2011,H050003/S016
NEURX DIAPHRAGM PACING SYSTEM (DPS),SYNAPSE BIOMEDICAL,7/1/2011,H070003/S002
THERASPHERE,BIOCOMPATIBLES U.K. LIMITED,6/24/2011,H980006/S019
NEURX DIAPHRAGM PACING SYSTEM (DPS),SYNAPSE BIOMEDICAL,7/1/2011,H070003/S003
MESOMARK,Fujirebio Diagnostics  Inc.,11/14/2011,H060004/S002
MESOMARK,Fujirebio Diagnostics  Inc.,6/1/2011,H060004/S003
WINGSPAN STENT SYSTEM WITH GATEWAY PTA BALLOON CATHETER,STRYKER CORP.,5/26/2011,H050001/S033
WINGSPAN STENT SYSTEM WITH GATEWAY PTA BALLOON CATHETER,STRYKER CORP.,6/1/2011,H050001/S034
CONTEGRA PULMONARY VALVED CONDUIT,Medtronic  Inc.,10/7/2011,H020003/S010
CONTEGRA PULMONARY VALVED CONDUIT,Medtronic  Inc.,6/7/2011,H020003/S011
MELODY TRANSCATHETER PULMONARY VALVE,Medtronic  Inc,6/7/2011,H080002/S004
WINGSPAN STENT SYSTEM WITH GATEWAY PTA BALLOON CATHETER,STRYKER CORP.,7/11/2011,H050001/S035
ACTIVA DYSTONIA THERAPY NEUROSTIMULATOR/DBS LEAD KITS & EXTENSIONS/CONTROL MAGNET,MEDTRONIC NEUROMODULATION,6/16/2011,H020007/S046
IMPLANTABLE NEUROSTIMULATORS FOR OBSESSIVE COMPULSIVE DISORDER/DBS LEAD KITS & EXTENSIONS/CONTROL MAGNET,MEDTRONIC INC. NEUROLOGICAL DIVISION,6/16/2011,H050003/S017
ENTERRA IMPLANTABLE NEUROSTIMULATOR/UNIPOLAR MUSCULAR LEAD,MEDTRONIC Inc.,6/16/2011,H990014/S057
EPICEL (CULTURED EPIDERMAL AUTOGRAFTS),GENZYME CORP.,2/4/2016,H990002/S011
NEUROFORM MICRODELIVERY STENT SYSTEM,Stryker Neurovascular,6/17/2011,H020002/S029
WINGSPAN STENT SYSTEM WITH GATEWAY PTA BALLOON CATHETER,STRYKER CORP.,6/17/2011,H050001/S036
ENTERRA INS,MEDTRONIC Inc.,6/17/2011,H990014/S058
SOLETRA/KINETRA INS,MEDTRONIC INC. NEUROLOGICAL DIVISION,6/17/2011,H050003/S018
ENTERRA INS,MEDTRONIC Inc.,6/23/2011,H990014/S059
SOLETRA/KINETRA INS,MEDTRONIC INC. NEUROLOGICAL DIVISION,6/23/2011,H050003/S019
SOLETRA,MEDTRONIC NEUROMODULATION,6/23/2011,H020007/S047
WINGSPAN STENT SYSTEM WITH GATEWAY PTA BALLOON CATHETER,STRYKER CORP.,8/8/2011,H050001/S037
SOLETRA/LEADS/EXTENSIONS/ACTIVA THERAPY DYSTONIA KIT,MEDTRONIC NEUROMODULATION,7/7/2011,H020007/S048
INSS FOR OBSESSIVE-COMPULSIVE DISORDER/LEAD KITS,MEDTRONIC INC. NEUROLOGICAL DIVISION,7/7/2011,H050003/S020
ENTERRA INS/UNIPOLAR MUSCULAR LEAD,MEDTRONIC Inc.,7/7/2011,H990014/S060
ELANA ARTERIOTOMY SYSTEM,ELANA INC.,9/15/2011,H080005/S001
INSS FOR OBSESSIVE-COMPULSIVE DISORDER/LEAD KITS,MEDTRONIC INC. NEUROLOGICAL DIVISION,10/6/2011,H050003/S021
ENTERRA INS/UNIPOLAR MUSCULAR LEAD,MEDTRONIC Inc.,7/29/2011,H990014/S061
SOLETRA/LEADS/EXTENSIONS/ACTIVA THERAPY DYSTONIA KIT,MEDTRONIC NEUROMODULATION,7/29/2011,H020007/S049
INSS FOR OBSESSIVE-COMPULSIVE DISORDER/LEAD KITS,MEDTRONIC INC. NEUROLOGICAL DIVISION,7/29/2011,H050003/S022
ELANA ARTERIOTOMY SYSTEM,ELANA INC.,9/12/2011,H080005/S002
SOLETRA/LEADS/EXTENSIONS/ACTIVA THERAPY DYSTONIA KIT,MEDTRONIC NEUROMODULATION,8/5/2011,H020007/S050
INSS FOR OBSESSIVE-COMPULSIVE DISORDER/LEAD KITS,MEDTRONIC INC. NEUROLOGICAL DIVISION,8/5/2011,H050003/S023
NEURX DIAPHRAGM PACING SYSTEM (DPS),SYNAPSE BIOMEDICAL,8/12/2011,H070003/S005
SOLETRA/LEADS/EXTENSIONS/ACTIVA THERAPY DYSTONIA KIT,MEDTRONIC NEUROMODULATION,12/16/2011,H020007/S051
ENTERRA INS/UNIPOLAR MUSCULAR LEAD,MEDTRONIC Inc.,8/17/2011,H990014/S062
SOLETRA/LEADS/EXTENSIONS/ACTIVA THERAPY DYSTONIA KIT,MEDTRONIC NEUROMODULATION,8/17/2011,H020007/S052
INSS FOR OBSESSIVE-COMPULSIVE DISORDER/LEAD KITS,MEDTRONIC INC. NEUROLOGICAL DIVISION,8/17/2011,H050003/S024
ENTERRA INS/UNIPOLAR MUSCULAR LEAD,MEDTRONIC Inc.,8/17/2011,H990014/S063
SOLETRA/LEADS/EXTENSIONS/ACTIVA THERAPY DYSTONIA KIT,MEDTRONIC NEUROMODULATION,8/17/2011,H020007/S053
INSS FOR OBSESSIVE-COMPULSIVE DISORDER/LEAD KITS,MEDTRONIC INC. NEUROLOGICAL DIVISION,8/17/2011,H050003/S025
CONTEGRA PULMONARY VALVED CONDUIT,Medtronic  Inc.,8/25/2011,H020003/S012
MELODY TRANSCATHETER PULMONARY VALVE,Medtronic  Inc,8/25/2011,H080002/S005
EPICEL (CULTURED EPIDERMAL AUTOGRAFTS),GENZYME CORP.,4/17/2012,H990002/S012
SOLETRA/LEADS/EXTENSIONS/ACTIVA THERAPY DYSTONIA KIT,MEDTRONIC NEUROMODULATION,8/26/2011,H020007/S054
INSS FOR OBSESSIVE-COMPULSIVE DISORDER/LEAD KITS,MEDTRONIC INC. NEUROLOGICAL DIVISION,8/26/2011,H050003/S026
ENTERRA INS/UNIPOLAR MUSCULAR LEAD,MEDTRONIC Inc.,8/26/2011,H990014/S064
OP-1 PUTTY FOR POSTEROLATERAL SPINAL FUSIONS,OLYMPUS BIOTECH CORPORATION,10/12/2012,H020008/S019
OP-1 IMPLANT,OLYMPUS BIOTECH CORPORATION,10/12/2012,H010002/S030
ENTERRA INS/UNIPOLAR MUSCULAR LEAD,MEDTRONIC Inc.,9/21/2011,H990014/S065
VERTICAL EXPANDABLE PROSTHETIC TITANIUM RIB (VEPTR),SYNTHES SPINE,2/24/2012,H030009/S008
WINGSPAN STENT SYSTEM WITH GATEWAY PTA BALLOON CATHETER,STRYKER CORP.,3/23/2012,H050001/S038
NEURX DIAPHRAGM PACING SYSTEM (DPS),SYNAPSE BIOMEDICAL,10/12/2011,H100006/S001
ENTERRA INS/UNIPOLAR MUSCULAR LEAD,MEDTRONIC Inc.,12/16/2011,H990014/S066
THERASPHERE,BIOCOMPATIBLES U.K. LIMITED,1/23/2012,H980006/S021
WINGSPAN STENT SYSTEM WITH GATEWAY PTA BALLOON CATHETER,STRYKER CORP.,11/18/2011,H050001/S039
EPICEL (CULTURED EPIDERMAL AUTOGRAFTS),GENZYME CORP.,2/4/2016,H990002/S013
ONYX LIQUID EMBOLIC SYSTEM  ONYX HD-500 MODEL 105-8101-500,EV3 INC,10/1/2013,H060003/S001
DBS FOR OBSESSIVE-COMPULSIVE DISORDER,MEDTRONIC INC. NEUROLOGICAL DIVISION,12/12/2011,H050003/S027
ELANA SURGICAL KIT,ELANA INC.,12/7/2011,H080005/S003
ELANA SURGICAL KIT,ELANA INC.,1/3/2012,H080005/S004
NEUROFORM MICRODELIVERY STENT SYSTEM,Stryker Neurovascular,6/21/2012,H020002/S030
WINGSPAN STENT SYSTEM WITH GATEWAY PTA BALLOON CATHETER,STRYKER CORP.,1/27/2012,H050001/S040
TRIVASCULAR INC OVATION ABDOMINAL STENT SYSTEM,TRIVASCULAR INC,4/13/2012,H100008/S001
SOLETRA/LEADS/EXTENSIONS/ACTIVA THERAPY DYSTONIA KIT,MEDTRONIC NEUROMODULATION,2/3/2012,H020007/S055
DBS FOR OBSESSIVE-COMPULSIVE DISORDER,MEDTRONIC INC. NEUROLOGICAL DIVISION,2/3/2012,H050003/S028
OP-1 PUTTY FOR POSTEROLATERAL SPINAL FUSIONS,OLYMPUS BIOTECH CORPORATION,12/27/2011,H020008/S020
OP-1 IMPLANT,OLYMPUS BIOTECH CORPORATION,12/27/2011,H010002/S031
DEEP BRAIN STIMULATION LEADS (DBS),MEDTRONIC NEUROMODULATION,1/13/2012,H020007/S056
DEEP BRAIN STIMULATION LEADS (DBS),MEDTRONIC INC. NEUROLOGICAL DIVISION,1/13/2012,H050003/S029
ENTERRA INTESTINAL STIMULATOR,MEDTRONIC Inc.,1/20/2012,H990014/S067
DBS THERAPY FOR DYSTONIA,MEDTRONIC NEUROMODULATION,1/20/2012,H020007/S057
DBS THERAPY FOR OCD,MEDTRONIC INC. NEUROLOGICAL DIVISION,1/20/2012,H050003/S030
EXCOR PEDIATRIC VENTRICULAR ASSIST DEVICE,Berlin Heart Inc.,7/27/2012,H100004/S003
NEUROFORM MICRODELIVERY STENT SYSTEM,Stryker Neurovascular,3/1/2012,H020002/S031
LEVITRONIX CENTRIMAG RIGHT VENTRICULAR ASSIST SYSTEM (RVAS),THORATEC CORP.,7/9/2012,H070004/S010
THERASPHERE,BIOCOMPATIBLES U.K. LIMITED,5/7/2012,H980006/S023
EXCOR PEDIATRIC VENTRICULAR ASSIST DEVICE,Berlin Heart Inc.,2/1/2013,H100004/S004
CONTEGRA PULMONARY VALVED CONDUIT,Medtronic  Inc.,1/10/2013,H020003/S013
MELODY TRANSCATHETER PULMONARY VALVE,Medtronic  Inc,1/10/2013,H080002/S007
MELODY TRANSCATHETER PULMONARY VALVE,Medtronic  Inc,8/13/2012,H080002/S008
THERASPHERE,BIOCOMPATIBLES U.K. LIMITED,3/29/2012,H980006/S024
OP-1 IMPLANT,OLYMPUS BIOTECH CORPORATION,7/26/2013,H010002/S032
OP-1 PUTTY FOR POSTEROLATERAL SPINAL FUSIONS,OLYMPUS BIOTECH CORPORATION,7/26/2013,H020008/S021
ENTERRA INTESTINAL STIMULATOR,MEDTRONIC Inc.,4/12/2012,H990014/S068
DBS THERAPY FOR DYSTONIA,MEDTRONIC NEUROMODULATION,4/12/2012,H020007/S058
DBS THERAPY FOR OCD,MEDTRONIC INC. NEUROLOGICAL DIVISION,4/12/2012,H050003/S031
NEURX DIAPHRAGM PACING SYSTEM (DPS),SYNAPSE BIOMEDICAL,5/25/2012,H070003/S007
AVTIVA FAMILY OF IMPLANTABLE NEUROSTIMULATORS,MEDTRONIC NEUROMODULATION,4/20/2012,H020007/S059
ACTIVA FAMILY OF IMPLANTABLE NEUROSTIMULATORS,MEDTRONIC INC. NEUROLOGICAL DIVISION,4/20/2012,H050003/S032
AVTIVA FAMILY OF IMPLANTABLE NEUROSTIMULATORS,MEDTRONIC NEUROMODULATION,4/25/2012,H020007/S060
ACTIVA FAMILY OF IMPLANTABLE NEUROSTIMULATORS,MEDTRONIC INC. NEUROLOGICAL DIVISION,4/25/2012,H050003/S033
ENTERRA INTESTINAL STIMULATOR,MEDTRONIC Inc.,5/21/2012,H990014/S069
ACTIVA SC MODEL 37603 IMPLANTABLE NEUROSTIMULATOR (INS),MEDTRONIC NEUROMODULATION,5/2/2012,H020007/S061
ACTIVA FAMILY OF IMPLANTABLE NEUROSTIMULATORS,MEDTRONIC INC. NEUROLOGICAL DIVISION,5/2/2012,H050003/S034
OP-1 IMPLANT,OLYMPUS BIOTECH CORPORATION,4/23/2012,H010002/S033
OP-1 PUTTY FOR POSTEROLATERAL SPINAL FUSIONS,OLYMPUS BIOTECH CORPORATION,4/23/2012,H020008/S022
AVTIVA FAMILY OF IMPLANTABLE NEUROSTIMULATORS,MEDTRONIC NEUROMODULATION,4/23/2012,H020007/S062
ACTIVA FAMILY OF IMPLANTABLE NEUROSTIMULATORS,MEDTRONIC INC. NEUROLOGICAL DIVISION,4/23/2012,H050003/S035
EXCOR PEDIATRIC VENTRICULAR ASSIST DEVICE,Berlin Heart Inc.,5/17/2012,H100004/S005
